"filename","title","solution","feature","role"
"./metadata.md","","Experience Manager, Experience Manager 6.5","",""
"./help/mobile/TOC.md","","","Mobile","User"
"help/mobile/home.md","AEM 6.5 Mobile User Guide","Experience Manager","Mobile","User"
"help/mobile/getting-started-aem-mobile.md","Getting Started with Adobe Experience Manager Mobile","Experience Manager","Mobile","User"
"help/mobile/getting-started-aem-mobile-on-demand.md","Adobe Experience Manager Mobile On-Demand","Experience Manager","Mobile","User"
"help/mobile/mobile-apps.md","Mobile-Apps","Experience Manager","Mobile","User"
"help/mobile/getting-started-aem-mobile-phonegap.md","AEM Adobe PhoneGap","Experience Manager","Mobile","User"
"help/mobile/aem-mobile-gdpr-compliance.md","Adobe Experience Manager Mobile - GDPR Readiness","Experience Manager","Mobile","User"
"help/mobile/develop-mobile-apps.md","Mobile Apps administration","Experience Manager","Mobile","User"
"help/mobile/mobile-apps-ondemand.md","Mobile On-Demand","Experience Manager","Mobile","User"
"help/mobile/mobile-apps-ondemand-manage-content-ondemand.md","Managing Content","Experience Manager","Mobile","User"
"help/mobile/mobile-on-demand-publishing-unpublishing.md","Publish UnPublish Content","Experience Manager","Mobile","User"
"help/mobile/mobile-apps-ondemand-application-dashboard.md","AEM Mobile Application Dashboard","Experience Manager","Mobile","User"
"help/mobile/mobile-apps-ondemand-application-create-configure-action.md","Application Create and Configuration Actions","Experience Manager","Mobile","User"
"help/mobile/mobile-on-demand-managing-articles.md","Managing Articles","Experience Manager","Mobile","User"
"help/mobile/mobile-on-demand-shared-resources.md","Uploading Shared Resources","Experience Manager","Mobile","User"
"help/mobile/mobile-on-demand-associating-an-on-demand-app-to-cloud-configuration.md","Cloud Configuration","Experience Manager","Mobile","User"
"help/mobile/mobile-on-demand-managing-banners.md","Managing Banners","Experience Manager","Mobile","User"
"help/mobile/aem-mobile-on-demand.md","AEM Mobile On-Demand","Experience Manager","Mobile","User"
"help/mobile/app-templates-and-components1.md","App Templates and Components","Experience Manager","Mobile","User"
"help/mobile/content-properties.md","Content Properties and Nodes","Experience Manager","Mobile","User"
"help/mobile/creating-shared-resources-export-configuration.md","Creating Shared Resources Export Configuration","Experience Manager","Mobile","User"
"help/mobile/mobile-ondemand-app-templates.md","Creating and Adding Templates and Components","Experience Manager","Mobile","User"
"help/mobile/best-practices-aem-mobile.md","Best Practices for AEM Mobile On-Demand Services","Experience Manager","Mobile","User"
"help/mobile/creating-article-export-configuration.md","Creating Article Export Configuration","Experience Manager","Mobile","User"
"help/mobile/mobile-ondemand-contentsync.md","Mobile with Content Sync","Experience Manager","Mobile","User"
"help/mobile/apps-architecture.md","Page Templates for Mobile Apps","Experience Manager","Mobile","User"
"help/mobile/on-demand-content-properties-exporting.md","Using Content Properties to Export Content","Experience Manager","Mobile","Developer"
"help/mobile/rendering-and-delivery.md","Rendering and Delivery","Experience Manager","Mobile","Developer"
"help/mobile/developing-content-services.md","Content Services","Experience Manager","Mobile","Developer"
"help/mobile/develop-content-as-a-service.md","Content Delivery","Experience Manager","Mobile","User"
"help/mobile/aem-mobile.md","Get started with Adobe Experience Manager mobile On-Demand services","Experience Manager","Mobile","Admin"
"help/mobile/aem-mobile-setup.md","AEM Mobile SetUp","Experience Manager","Mobile","Admin"
"help/mobile/aem-mobile-configure-users.md","Configure your users and user groups","Experience Manager","Mobile","Admin"
"help/mobile/aem-mobile-manage-ondemand-services.md","Previewing with Preflight","Experience Manager","Mobile","Admin"
"help/mobile/administer-mobile-apps.md","Administering Mobile Apps","Experience Manager","Mobile","Admin"
"help/mobile/model-management.md","Models Overview","Experience Manager","Mobile","Admin"
"help/mobile/spaces-and-entities.md","Spaces and Entities","Experience Manager","Mobile","Admin"
"help/mobile/mobile-on-demand-managing-collections.md","Managing Collections","Experience Manager","Mobile","Admin"
"help/mobile/phonegap.md","Authoring for Adobe PhoneGap Enterprise in Adobe Experience Manager","Experience Manager","Mobile","Admin"
"help/mobile/phonegap-editmetadata.md","Editing App Metadata","Experience Manager","Mobile","Admin"
"help/mobile/phonegap-app-definitions.md","App definitions","Experience Manager","Mobile","Admin"
"help/mobile/phonegap-manage-app-content.md","Creating and Managing App Content","Experience Manager","Mobile","Admin"
"help/mobile/phonegap-create-new-app.md","Creating an AEM Mobile app using create wizard","Experience Manager","Mobile","Admin"
"help/mobile/phonegap-authoring-apps.md","Authoring Mobile Applications","Experience Manager","Mobile","Admin"
"help/mobile/phonegap-app-details-tile.md","Manage App Tile","Experience Manager","Mobile","Admin"
"help/mobile/phonegap-aem-mobile-content-personalization.md","Adobe Experience Manager Mobile content personalization","Experience Manager","Mobile","Admin"
"help/mobile/developing-in-phonegap.md","PhoneGap","Experience Manager","Mobile","Admin"
"help/mobile/building-app-mobile-phonegap.md","Building Mobile Applications","Experience Manager","Mobile","Admin"
"help/mobile/phonegap-push-notifications.md","Push Notifications","Experience Manager","Mobile","Admin"
"help/mobile/developing-mobile-applications.md","Developing Mobile Applications in AEM","Experience Manager","Mobile","Admin"
"help/mobile/phonegap-contentsync.md","Content Sync for Adobe PhoneGap Enterprise with Adobe Experience Manager","Experience Manager","Mobile","Admin"
"help/mobile/phonegap-apps-arch.md","The Anatomy of an App","Experience Manager","Mobile","Admin"
"help/mobile/phonegap-apps-pg-cli.md","Developing Apps with PhoneGap CLI","Experience Manager","Mobile","Admin"
"help/mobile/contentsync-app-handlers.md","Out of the Box App Handlers","Experience Manager","Mobile","Admin"
"help/mobile/phonegap-apps-console.md","Creating and Editing Apps Using the Apps Console","Experience Manager","Mobile","Admin"
"help/mobile/phonegap-adding-content-to-imported-app.md","Is your hybrid app ready for AEM Mobile?","Experience Manager","Mobile","Admin"
"help/mobile/phonegap-access-device-features.md","Access Device Features","Experience Manager","Mobile","Admin"
"help/mobile/phonegap-add-analytics-to-apps.md","Add Adobe Analytics to your Mobile Application","Experience Manager","Mobile","Admin"
"help/mobile/phonegap-apps-arch-page-templates.md","Content Page Templates for Mobile Apps","Experience Manager","Mobile","Admin"
"help/mobile/aem-mobile-configuring-cloud-service.md","Configuring Adobe Target Cloud Service","Experience Manager","Mobile","Admin"
"help/mobile/phonegap-single-page-applications.md","Single Page Applications","Experience Manager","Mobile","Admin"
"help/mobile/starting-aem-phonegap-app.md","Starting AEM PhoneGap","Experience Manager","Mobile","Admin"
"help/mobile/develop-mobile-apps-testing.md","Testing Mobile Apps","Experience Manager","Mobile","Admin"
"help/mobile/phonegap-structure-an-app.md","Structure an App","Experience Manager","Mobile","Admin"
"help/mobile/phonegap-intro-to-app-analytics.md","Track App Performance with Adobe Mobile Analytics","Experience Manager","Mobile","Admin"
"help/mobile/phonegap-mobile-quickstart.md","Mobile Quickstart","Experience Manager","Mobile","Admin"
"help/mobile/administer-phonegap.md","Administering Content for Adobe PhoneGap Enterprise with AEM","Experience Manager","Mobile","Admin"
"help/mobile/configure-phonegap-build-cloud.md","Configure your Adobe PhoneGap Build Cloud Service","Experience Manager","Mobile","Admin"
"help/mobile/setting-referrer-filter-empty.md","Setting Your Referrer Filter to Allow Empty","Experience Manager","Mobile","Admin"
"help/mobile/configure-adobe-mobile-cloud-service.md","Configure your Adobe Mobile Services Cloud Service","Experience Manager","Mobile","Admin"
"help/mobile/configure-users-groups.md","Configure users and user groups","Experience Manager","Mobile","Admin"
